guestNo,name,contact,subNo,paymentInfo
1,Khojiakbar,5200000000,1,Chase
2,Sartaz,5200000001,2,CreditOne
3,Zoha,5200000002,3,Discover
4,Taoseef,5200000003,4,CapitalOne
5,McCann,5200000004,5,PayPal
6,Ben,5200000005,1,Chase
7,Joe,5200000006,2,CreditOne
8,Don,5200000007,3,Discover
9,Cap,5200000008,4,CapitalOne
10,Jim,5200000009,5,PayPal
11,Kim,5200000010,1,Chase
12,Xin,5200000011,2,CreditOne
13,Jon,5200000012,3,Discover
14,Pam,5200000013,4,CapitalOne
15,Kam,5200000014,5,PayPal
16,Tim,5200000015,1,Chase
17,Sam,5200000016,2,CreditOne
18,Harry,5200000017,3,Discover
19,Martin,5200000018,4,CapitalOne
20,David,5200000019,5,PayPal
21,Arthur,5200000020,1,Chase
22,Max,5200000021,2,CreditOne
23,Lebron,5200000022,3,Discover
24,Salah,5200000023,4,CapitalOne